{
  "products": [
    {
      "id": "p1",
      "title": {
        "ar": "تيشرت كاجوال - أبيض",
        "en": "Casual T-Shirt - White"
      },
      "description": {
        "ar": "تيشيرت قطن 100% خامة ممتازة.",
        "en": "100% cotton T-shirt, high quality."
      },
      "price": 250,
      "image": "/icons/sample1.png",
      "category": "ملابس"
    },
    {
      "id": "p2",
      "title": {
        "ar": "سماعات بلوتوث صغيرة",
        "en": "Mini Bluetooth Earbuds"
      },
      "description": {
        "ar": "سماعات بجودة صوت جيدة.",
        "en": "Portable earbuds with good sound."
      },
      "price": 420,
      "image": "/icons/sample2.png",
      "category": "إلكترونيات"
    }
  ]
}